{"cameraMode":{"drawMode":0,"name":"Shaded","section":"Shading Mode"},"sceneLighting":false,"audioPlay":false,"sceneViewState":{"showFog":true,"showMaterialUpdate":false,"showSkybox":false,"showFlares":true,"showImageEffects":true,"showParticleSystems":true},"in2DMode":false,"pivot":{"x":2.653366804122925,"y":-2.259999990463257,"z":-0.017982959747314454},"rotation":{"x":-0.01326352171599865,"y":0.9845994114875794,"z":-0.08618378639221192,"w":-0.15152715146541596},"size":2.8578836917877199,"orthographic":false}